S.no,Questions
1,What are the optimal growing conditions for banana plants?
2,How long does it take for a banana plant to bear fruit?
3,What are some common pests and diseases that affect banana plants?
4,How do farmers typically manage pest and disease issues in banana farming?
5,What are the main varieties of bananas grown for commercial purposes?
6,What factors influence the choice of banana variety for cultivation?
7,How do farmers ensure proper soil nutrition for banana plants?
8,What role do fertilizers play in banana farming?
9,"Can banana plants tolerate drought conditions? If not, what measures are taken to mitigate drought stress?"
10,What are some sustainable practices employed in banana farming?
11,How do farmers handle weed control in banana plantations?
12,What techniques are used for propagating banana plants?
13,How do temperature fluctuations affect banana production?
14,What are the main challenges faced by banana farmers in terms of climate change?
15,What post-harvest practices are involved in banana farming?
16,How are bananas typically harvested?
17,"What are the primary markets for bananas, and how do farmers access these markets?"
18,How does irrigation impact banana yield and quality?
19,What are the labor requirements for banana farming?
20,What are the economic benefits of banana farming for small-scale growers?
21,How do banana farmers manage soil erosion in their plantations?
22,What are the main differences between organic and conventional banana farming methods?
23,How do banana farmers deal with plant diseases like Panama disease and black Sigatoka?
24,What are the effects of monoculture on banana plantations?
25,How do banana farmers manage nematode infestations?
26,What are some alternative uses for banana by-products?
27,How do banana farmers handle waste management in their operations?
28,What are the environmental impacts of banana farming?
29,How do banana farmers ensure pollination in their plantations?
30,What role do bees and other pollinators play in banana cultivation?
31,How do banana farmers mitigate the risk of fungal diseases like Fusarium wilt?
32,What are the typical spacing requirements for banana plants?
33,How do banana farmers manage soil pH levels?
34,What are the key factors influencing banana fruit quality?
35,How do banana farmers address concerns related to pesticide use?
36,What are the regulations surrounding pesticide use in banana farming?
37,What are the key components of integrated pest management (IPM) in banana farming?
38,How do banana farmers protect their crops from extreme weather events such as storms or hurricanes?
39,How do banana farmers select the best planting materials for their plantations?
40,What are some common companion planting techniques used in banana farming?
41,How do banana farmers prevent the spread of diseases between plants?
42,What are the nutritional requirements of banana plants at different growth stages?
43,How do banana farmers manage waterlogging in their fields?
44,"What are the main export destinations for bananas, and what quality standards do they require?"
45,How do banana farmers ensure food safety standards are met throughout the production process?
46,What are the effects of globalization on banana farming?
47,How do banana farmers adapt to changing consumer preferences and market demands?
48,What role does research and innovation play in improving banana farming practices?
49,How do banana farmers cope with fluctuations in market prices?
50,"What are the long-term sustainability challenges facing the banana industry, and how are they being addressed?"
51,What are the best practices for pruning banana plants?
52,How do banana farmers manage plant spacing to optimize yield?
53,What are the differences in cultivation techniques between indoor and outdoor banana farming?
54,How do banana farmers manage the risk of soil-borne pathogens?
55,What are the advantages and disadvantages of intercropping with bananas?
56,How do banana farmers address concerns related to genetic diversity in their crops?
57,What are the effects of climate variability on banana flowering and fruiting?
58,How do banana farmers control for banana bunchy top virus?
59,What are the effects of soil salinity on banana plant growth and productivity?
60,How do banana farmers ensure proper ventilation within plantations?
61,What are the key considerations in choosing a site for establishing a banana plantation?
62,How do banana farmers manage excess runoff and soil erosion during heavy rainfall?
63,What are the regulations regarding pesticide residue levels in exported bananas?
64,How do banana farmers balance the need for pest control with environmental conservation efforts?
65,What are the benefits of using cover crops in banana farming systems?
66,How do banana farmers manage temperature and humidity levels in greenhouses?
67,What are the labor safety considerations in banana harvesting and post-harvest handling?
68,How do banana farmers ensure consistent fruit ripening for market readiness?
69,What are the social impacts of banana farming on local communities?
70,How do banana farmers address the challenges of land tenure and ownership?
71,What are the impacts of deforestation on banana cultivation?
72,How do banana farmers integrate renewable energy sources into their operations?
73,What are the nutritional requirements of banana plants during different growth stages?
74,How do banana farmers minimize the use of synthetic inputs while maintaining productivity?
75,What are the effects of soil compaction on banana root development?
76,How do banana farmers manage the spread of invasive species in their plantations?
77,What are the cultural practices involved in banana farming in different regions?
78,How do banana farmers optimize irrigation scheduling to conserve water?
79,What are the strategies for mitigating soil nutrient depletion in banana plantations?
80,How do banana farmers cope with fluctuations in market demand and supply?
81,What are the best practices for transporting bananas from farm to market?
82,How do banana farmers ensure traceability and quality control throughout the supply chain?
83,What are the economic impacts of price volatility on small-scale banana farmers?
84,How do banana farmers manage the disposal of plant waste and by-products?
85,What are the effects of soil contamination on banana plant health?
86,How do banana farmers implement integrated weed management strategies?
87,What are the impacts of climate-smart agricultural practices on banana farming resilience?
88,How do banana farmers adapt to changes in pest populations and behaviors?
89,What are the environmental benefits of agroforestry systems incorporating bananas?
90,How do banana farmers ensure fair labor practices and worker welfare in plantations?
91,What are the gender dynamics in banana farming households and communities?
92,How do banana farmers engage in cooperative marketing and collective bargaining?
93,What are the impacts of trade agreements and tariffs on banana exports?
94,How do banana farmers utilize precision agriculture technologies for better crop management?
95,What are the effects of soil pH on banana plant nutrient uptake?
96,How do banana farmers manage soil organic matter to improve fertility?
97,What are the benefits of crop rotation in banana farming systems?
98,How do banana farmers manage the risk of banana bunchy top disease transmission through infected planting materials?
99,What are the socio-economic implications of banana certification schemes on farmer livelihoods?
100,How do banana farmers contribute to biodiversity conservation in agricultural landscapes?
101,How do banana farmers prevent and control soil erosion on steep slopes?
102,What are the effects of heavy metal contamination on banana plant health?
103,How do banana farmers manage water quality in irrigation systems?
104,What role do beneficial microbes play in banana plant health and soil fertility?
105,How do banana farmers manage soil compaction in high-traffic areas of the plantation?
106,What are the cultural and religious significance of bananas in different regions?
107,How do banana farmers utilize agroecological principles to enhance sustainability?
108,What are the effects of plastic mulching on banana plant growth and yield?
109,How do banana farmers implement water-saving techniques in irrigation practices?
110,What are the impacts of banana farming on nearby ecosystems and wildlife?
111,How do banana farmers manage invasive weed species in their plantations?
112,What are the social and economic implications of fair trade certification for banana producers?
113,How do banana farmers incorporate biodiversity conservation measures into their farming practices?
114,"What are the greenhouse gas emissions associated with banana farming, and how can they be reduced?"
115,How do banana farmers adapt to changes in rainfall patterns and water availability?
116,What are the potential health risks associated with pesticide use in banana farming?
117,How do banana farmers utilize agroforestry techniques to enhance ecosystem resilience?
118,What are the challenges and opportunities for organic banana farming?
119,How do banana farmers manage soil-borne pathogens without the use of synthetic chemicals?
120,What are the effects of banana monoculture on soil biodiversity?
121,How do banana farmers integrate livestock grazing into their farming systems?
122,What are the socioeconomic impacts of banana farm mechanization on rural communities?
123,How do banana farmers address the threat of banana weevil infestations?
124,What are the effects of climate change on banana flowering patterns and fruit development?
125,How do banana farmers utilize crop diversification strategies to mitigate risks?
126,What are the impacts of banana farming on water resources and aquatic ecosystems?
127,How do banana farmers manage plant nutrition through foliar feeding techniques?
128,What are the effects of land degradation on banana farming productivity?
129,How do banana farmers mitigate the risk of post-harvest losses during transportation and storage?
130,What are the social and economic benefits of banana cooperatives for small-scale farmers?
131,How do banana farmers utilize agrochemicals responsibly to minimize environmental impacts?
132,What are the key factors influencing banana yield and fruit quality?
133,How do banana farmers manage soil acidity and alkalinity for optimal plant growth?
134,What are the effects of soil pollution on banana plant health and fruit quality?
135,How do banana farmers integrate renewable energy solutions into their operations?
136,What are the best practices for managing banana pests and diseases organically?
137,How do banana farmers engage in participatory decision-making processes within their communities?
138,What are the gender-specific roles and responsibilities in banana farming households?
139,How do banana farmers adapt to changing consumer preferences for organic and fair trade bananas?
140,What are the economic incentives for banana farmers to adopt sustainable farming practices?
141,How do banana farmers utilize precision agriculture technologies for efficient resource management?
142,What are the long-term effects of banana farming on soil structure and fertility?
143,How do banana farmers incorporate traditional ecological knowledge into modern farming practices?
144,What are the effects of agrochemical runoff from banana plantations on surrounding ecosystems?
145,How do banana farmers ensure food safety standards are met throughout the production process?
146,What are the potential health benefits of consuming bananas and banana-derived products?
147,How do banana farmers mitigate the risk of soil erosion on riverbanks and coastal areas?
148,What are the economic opportunities for value-added processing of bananas?
149,How do banana farmers adapt to changes in market demand for specialty banana varieties?
150,What are the cultural and historical roots of banana farming in different regions of the world?
151,How do banana farmers manage the spread of banana viruses through insect vectors?
152,What are the effects of temperature extremes on banana plant growth and fruit development?
153,How do banana farmers utilize crop rotation techniques to improve soil health?
154,What are the impacts of banana farming on local water availability and watershed management?
155,How do banana farmers implement agroforestry systems to enhance biodiversity?
156,What are the potential benefits of using biochar in banana plantations?
157,How do banana farmers manage post-harvest diseases during storage and transportation?
158,What are the social and economic impacts of land tenure systems on banana farming communities?
159,How do banana farmers utilize natural enemies for biological control of pests?
160,What are the cultural traditions and rituals associated with banana cultivation in different regions?
161,How do banana farmers adapt to changing market demands for organic and sustainable produce?
162,What are the impacts of climate change on the geographical distribution of banana cultivation?
163,How do banana farmers manage the recycling and reuse of agricultural waste materials?
164,What are the nutritional benefits of incorporating bananas into diversified farming systems?
165,How do banana farmers utilize agroecological principles to enhance soil biodiversity?
166,What are the social and economic implications of contract farming agreements in the banana industry?
167,How do banana farmers manage waterlogging and soil drainage issues in their plantations?
168,What are the potential risks of genetically modified (GM) banana varieties to biodiversity?
169,How do banana farmers engage in community-based seed saving and exchange programs?
170,What are the effects of climate variability on banana flowering and fruiting seasons?
171,How do banana farmers manage soil salinity in coastal banana plantations?
172,What are the potential benefits of incorporating leguminous cover crops in banana farming systems?
173,How do banana farmers utilize agroecological practices to enhance natural pollination services?
174,What are the effects of land conversion for banana farming on wildlife habitat loss?
175,How do banana farmers manage the disposal of plastic waste generated in packaging materials?
176,What are the potential risks of transboundary pest and disease spread in banana trade?
177,How do banana farmers utilize remote sensing technologies for crop monitoring and management?
178,What are the impacts of banana farming on soil carbon sequestration and greenhouse gas emissions?
179,How do banana farmers integrate traditional ecological knowledge with modern agricultural practices?
180,What are the social and economic implications of fair trade certification for banana producers?
181,How do banana farmers implement agroforestry techniques to enhance ecosystem services?
182,What are the potential benefits of using biological control agents for managing banana pests?
183,How do banana farmers manage the risk of pesticide resistance in pest populations?
184,What are the social and economic barriers to adopting sustainable banana farming practices?
185,How do banana farmers mitigate the risk of soil erosion on sloping terrain?
186,What are the impacts of banana farming on water quality in nearby water bodies?
187,How do banana farmers manage soil fertility in nutrient-depleted soils?
188,What are the potential effects of climate change on banana production systems in vulnerable regions?
189,How do banana farmers engage in collective marketing and bargaining for fair prices?
190,What are the potential benefits of incorporating agroecological principles into banana farming?
191,How do banana farmers ensure the long-term sustainability of water resources in their plantations?
192,What are the effects of banana farming on the genetic diversity of wild banana relatives?
193,How do banana farmers utilize biodegradable materials for packaging and mulching?
194,What are the social and economic impacts of banana certification schemes on smallholder farmers?
195,How do banana farmers manage the risk of banana bacterial wilt disease transmission?
196,What are the effects of pesticide runoff from banana plantations on aquatic ecosystems?
197,How do banana farmers implement soil conservation measures to prevent land degradation?
198,What are the potential benefits of using organic fertilizers in banana farming?
199,How do banana farmers utilize participatory approaches for decision-making in farming communities?
200,What are the cultural and historical significance of banana cultivation practices in indigenous communities?
201,How do banana farmers mitigate the risk of soil erosion caused by wind?
202,What are the ecological impacts of banana monoculture on native flora and fauna?
203,How do banana farmers manage soil acidity levels in acidic soils?
204,What are the effects of pesticide drift from neighboring farms on banana crops?
205,How do banana farmers incorporate agroecological principles to enhance soil biodiversity?
206,What are the potential benefits of using biofertilizers in banana farming?
207,How do banana farmers manage the disposal of non-biodegradable agricultural waste?
208,What are the impacts of banana farming on local microclimate and weather patterns?
209,How do banana farmers address gender disparities in access to resources and decision-making?
210,What are the social and economic implications of land grabbing in banana-growing regions?
211,How do banana farmers utilize traditional knowledge for pest and disease management?
212,What are the potential benefits of using trap crops for controlling banana pests?
213,How do banana farmers integrate agroforestry systems to enhance carbon sequestration?
214,What are the effects of banana farming on water availability and water rights in communities?
215,How do banana farmers manage the risk of soil contamination from agrochemicals?
216,What are the socio-economic impacts of banana farm mechanization on rural employment?
217,How do banana farmers diversify income sources through value-added processing of bananas?
218,What are the potential risks of using genetically modified (GM) banana varieties?
219,How do banana farmers engage in community-based adaptation strategies to climate change?
220,What are the ecological benefits of restoring riparian buffers in banana-growing areas?
221,How do banana farmers address the social and economic challenges of food insecurity?
222,What are the cultural and spiritual connections to bananas in indigenous communities?
223,How do banana farmers utilize indigenous farming practices for sustainable agriculture?
224,What are the potential impacts of soil pollution on human health in banana-growing regions?
225,How do banana farmers implement water-saving technologies such as drip irrigation?
226,What are the economic opportunities for agrotourism in banana-growing regions?
227,How do banana farmers manage the risk of soil compaction from heavy machinery?
228,What are the ecological benefits of preserving natural habitats adjacent to banana farms?
229,How do banana farmers integrate climate-resilient crop varieties into their farming systems?
230,What are the social and economic implications of land tenure conflicts in banana farming?
231,How do banana farmers utilize agroecological principles for pest management?
232,What are the effects of pesticide residues on human health through banana consumption?
233,How do banana farmers adapt to changing market dynamics and consumer preferences?
234,What are the potential benefits of using organic soil amendments in banana farming?
235,How do banana farmers engage in sustainable water management practices?
236,What are the social and economic impacts of banana exports on developing countries?
237,How do banana farmers engage in collective bargaining for fair prices and market access?
238,What are the environmental benefits of using organic pest control methods in banana farming?
239,How do banana farmers integrate livestock grazing for soil fertility improvement?
240,What are the cultural practices and rituals associated with banana cultivation?
241,How do banana farmers manage the risk of banana fungal diseases in humid environments?
242,What are the potential impacts of climate change on banana production and food security?
243,How do banana farmers promote gender equity and women's empowerment in farming communities?
244,What are the economic opportunities for agroecotourism in banana-growing regions?
245,How do banana farmers utilize agroforestry systems to enhance biodiversity and ecosystem services?
246,What are the potential benefits of using biodegradable mulches in banana plantations?
247,How do banana farmers engage in cooperative marketing for better market access and prices?
248,What are the social and economic implications of land conversion for banana farming?
249,How do banana farmers adapt to changing pest and disease pressures in their plantations?
250,What are the cultural traditions and heritage associated with banana farming practices?
251,How do banana farmers manage soil microbiology to promote beneficial soil microbial communities for enhanced nutrient cycling?
252,"What are the impacts of climate change-induced extreme weather events, such as hurricanes and cyclones, on banana plantations, and how do farmers adapt to these challenges?"
253,"How do banana farmers implement agroecological practices, such as polyculture and agroforestry, to enhance biodiversity and ecosystem resilience within banana plantations?"
254,"What are the ecological benefits of establishing buffer zones and wildlife corridors around banana farms, and how do farmers incorporate these features into their landscape management strategies?"
255,"How do banana farmers integrate natural habitat restoration and conservation efforts, such as reforestation and wetland restoration, to mitigate the environmental impacts of banana farming and promote ecological connectivity?"
256,"What are the socio-economic implications of fair trade certification and direct trade relationships for banana farmers, including aspects related to income stability, community development, and empowerment of marginalized groups?"
257,"How do banana farmers utilize participatory approaches, such as farmer field schools and community-based organizations, to foster knowledge exchange, capacity building, and collective decision-making among farming communities?"
258,"What are the mechanisms through which banana farmers engage in value chain governance, including producer organizations, cooperatives, and contract farming arrangements, to enhance market access, bargaining power, and equitable distribution of benefits?"
259,"How do banana farmers integrate principles of ecological intensification, such as the optimization of ecosystem services and biological pest control, to reduce reliance on synthetic inputs and enhance long-term productivity and resilience?"
260,"What are the effects of pesticide drift and runoff from neighboring agricultural activities on water quality in banana-growing regions, and how do farmers implement buffer strips, vegetative barriers, and other conservation practices to minimize pollution and protect aquatic ecosystems?"
261,"How do banana farmers address labor rights and working conditions within plantations, including issues related to fair wages, occupational health and safety, child labor, and migrant worker rights, and what are the mechanisms for ensuring compliance with labor standards?"
262,"How do banana farmers manage genetic diversity within cultivated banana populations to mitigate the risks of disease outbreaks and adapt to changing environmental conditions, including strategies for conserving and utilizing wild and traditional banana varieties?"
263,"What are the effects of land use change associated with banana cultivation, such as deforestation, habitat fragmentation, and soil degradation, on biodiversity conservation and ecosystem services provision, and how do farmers implement land stewardship practices to minimize negative impacts?"
264,"How do banana farmers utilize precision agriculture technologies, such as remote sensing, geographic information systems (GIS), and drones, to optimize resource use efficiency, monitor crop health and growth dynamics, and make data-driven decisions for farm management?"
265,"What are the social and economic implications of gender disparities in banana farming households, including access to land, credit, extension services, and decision-making power, and how do gender-responsive approaches promote women's empowerment and equitable development outcomes?"
266,"How do banana farmers manage soil nutrient dynamics and fertility through integrated soil fertility management (ISFM) approaches, including the use of organic amendments, cover crops, crop rotations, and mineral fertilizers, to optimize nutrient availability and uptake while minimizing environmental impacts?"
267,"What are the potential risks and benefits of adopting genetically engineered (GE) banana varieties, such as those engineered for disease resistance or enhanced nutritional content, and what are the socio-economic, ethical, and regulatory considerations associated with their deployment?"
268,"How do banana farmers mitigate the risk of soil erosion on sloping terrain through soil conservation measures, such as contour farming, terracing, erosion control structures, and agroforestry systems, and what are the impacts of these practices on soil stability and water retention?"
269,"How do banana farmers implement water-efficient irrigation systems, such as drip irrigation, micro-sprinklers, and rainwater harvesting, to optimize water use efficiency, reduce water stress, and cope with water scarcity conditions in banana-growing regions?"
270,"What are the environmental impacts of plastic mulch use in banana plantations, including effects on soil health, microbial activity, and wildlife, and how do farmers transition to biodegradable alternatives while ensuring weed control and moisture retention benefits?"
271,"How do banana farmers integrate agroecological principles of soil health and biodiversity conservation into pest and disease management strategies, including the promotion of natural enemies, habitat diversification, and crop rotation, to reduce reliance on synthetic pesticides and foster ecological resilience?"
272,"What are the impacts of banana farming on carbon sequestration and greenhouse gas emissions, including contributions to soil organic carbon stocks, emissions from fertilizer use and soil management practices, and the potential for carbon offset projects and climate-smart agriculture initiatives?"
273,"How do banana farmers implement climate-smart agricultural practices, such as weather forecasting, climate-resilient crop varieties, and crop diversification, to adapt to climate variability and extreme events, enhance farm resilience, and maintain productivity under changing climatic conditions?"
274,"What are the effects of soil compaction on root growth, nutrient uptake, and water infiltration in banana plantations, and how do farmers employ conservation tillage, cover crops, and organic amendments to alleviate soil compaction and improve soil structure and fertility?"
275,"How do banana farmers manage post-harvest losses and food waste along the value chain, including strategies for harvesting at optimal maturity, proper handling and storage practices, and the utilization of post-harvest technologies, such as cold storage and controlled atmosphere packaging?"
276,"What are the potential impacts of banana farming on pollinator populations and pollination services, including interactions with managed honeybees, native pollinators, and other flower-visiting insects, and how do farmers implement habitat conservation measures to support pollinator diversity and abundance?"
277,"How do banana farmers engage in climate change adaptation and mitigation initiatives, such as carbon offset projects, reforestation efforts, and renewable energy adoption, to reduce greenhouse gas emissions, enhance carbon sequestration, and contribute to climate resilience and sustainability?"
278,"What are the social and economic implications of land tenure systems and agrarian reform policies on banana farming communities, including issues of land access, ownership rights, land use conflicts, and tenure security, and how do farmers advocate for land tenure reform and equitable land distribution?"
279,"How do banana farmers manage the risk of invasive species and emerging pests and diseases, such as the banana weevil, banana aphid, and Fusarium wilt, through quarantine measures, early detection systems, biological control agents, and resistant crop varieties?"
280,"What are the potential impacts of banana farming on water resources, including effects on water quality, groundwater recharge, and surface water availability, and how do farmers implement water management strategies, such as water recycling, soil moisture monitoring, and efficient irrigation practices?"
281,"How do banana farmers engage in sustainable sourcing practices and supply chain transparency initiatives, such as certification programs, traceability systems, and ethical sourcing standards, to ensure environmental sustainability, social responsibility, and consumer trust in banana products?"
282,"What are the social and economic benefits of farmer cooperatives, producer associations, and collective marketing arrangements in banana farming communities, including access to markets, economies of scale, bargaining power, and shared resources and services?"
283,"How do banana farmers incorporate principles of agroecological resilience and adaptive management into farm planning and decision-making processes, including strategies for risk assessment, diversification, experimentation, and learning from local knowledge and experience?"
284,"What is the current production of bananas in India, and how has it changed over time?"
285,"How do banana farmers utilize agroecological principles to enhance soil health and fertility, including practices such as cover cropping, composting, and crop rotation, to reduce the need for synthetic inputs and improve long-term soil productivity?"
286,"What are the social and economic implications of banana certification schemes, such as organic, fair trade, and Rainforest Alliance certifications, on farmer livelihoods, market access, and sustainable production practices?"
287,"How do banana farmers integrate principles of agroforestry and landscape management to enhance ecosystem services, such as carbon sequestration, biodiversity conservation, and water regulation, within and beyond banana plantations?"
288,"What are the socio-economic impacts of banana production on indigenous communities and smallholder farmers, including issues of land tenure, resource access, cultural heritage, and food sovereignty, and how do farmers advocate for indigenous rights and social justice?"
289,"How do banana farmers employ participatory approaches, such as farmer field schools, participatory research, and farmer-to-farmer exchanges, to foster knowledge sharing, innovation, and adaptive learning within farming communities?"
290,"What are the ecological benefits of integrating livestock into banana farming systems, such as nutrient recycling, weed control, and soil fertility enhancement, and how do farmers implement sustainable livestock management practices to optimize synergies and minimize trade-offs?"
291,"How do banana farmers manage the risk of soil salinization and waterlogging in coastal and low-lying areas, through practices such as drainage, soil amendments, and salt-tolerant crop varieties, to maintain soil productivity and crop resilience under saline conditions?"
292,"What are the potential socio-economic impacts of adopting agroecological farming systems in banana production, including effects on farm profitability, labor dynamics, rural employment, and food security, and how do farmers navigate transition challenges and capitalize on opportunities for sustainable development?"
293,"How do banana farmers engage in community-based seed saving and breeding programs to conserve genetic diversity, promote crop resilience, and ensure access to locally adapted and farmer-selected varieties suited to specific agroecological conditions and farming objectives?"
294,"What are the ecological benefits of using organic mulches, such as banana leaves and crop residues, to improve soil health, moisture retention, and weed suppression, and how do farmers incorporate mulching practices into sustainable weed management strategies?"
295,"How do banana farmers utilize agroecological principles of ecological succession and biodiversity enhancement to restore degraded lands, rehabilitate abandoned plantations, and reclaim marginal areas for productive and resilient agroecosystems?"
296,"What are the social and economic implications of contract farming arrangements and supply chain governance structures on banana producers, including issues of market dependency, price volatility, contract enforcement, and power imbalances, and how do farmers advocate for fairer and more equitable trading relationships?"
297,"How do banana farmers implement integrated pest management (IPM) strategies to reduce reliance on chemical pesticides, including the use of biological control agents, cultural practices, habitat manipulation, and pest monitoring, to enhance pest resilience and ecological balance within banana agroecosystems?"
298,"What are the potential impacts of climate change on banana production systems, including effects on crop phenology, yield stability, pest and disease dynamics, and farm viability, and how do farmers adapt to changing climatic conditions through diversification, innovation, and resilience-building measures?"
299,"How do banana farmers engage in agroecological education and extension initiatives to promote sustainable farming practices, build local capacity, and empower farming communities to become agents of change in promoting ecological stewardship and social transformation?"
300,"What are the social and economic dimensions of food sovereignty and agroecology in banana-producing regions, including issues of land access, control over resources, cultural identity, and self-determination, and how do farmers reclaim food sovereignty through agroecological practices and collective action?"
